{"materials": [{"wireframe": false, "blending": "NormalBlending", "depthTest": true, "transparent": false, "opacity": 1, "shading": "lambert", "depthWrite": true, "visible": true, "DbgName": "Wood", "DbgIndex": 0, "DbgColor": 15658734, "colorDiffuse": [0.28, 0.08, 0], "colorEmissive": [0, 0, 0], "colorAmbient": [0.28, 0.08, 0]}], "metadata": {"materials": 1, "normals": 28, "version": 3, "vertices": 40, "type": "Geometry", "generator": "io_three", "faces": 34}, "normals": [-0.341563, -0.875576, 0.341563, -0.341563, -0.875576, -0.341563, 0.341563, -0.875576, -0.341563, 0.341563, -0.875576, 0.341563, 0.341563, 0.341563, 0.875576, -0.341563, 0.341563, 0.875576, -0.341563, -0.341563, 0.875576, 0.341563, -0.341563, 0.875576, 0.875576, 0.341563, -0.341563, 0.875576, 0.341563, 0.341563, 0.875576, -0.341563, 0.341563, 0.875576, -0.341563, -0.341563, 0.341563, 0.875576, 0.341563, 0.341563, 0.875576, -0.341563, -0.341563, 0.875576, -0.341563, -0.341563, 0.875576, 0.341563, -0.875576, 0.341563, 0.341563, -0.875576, 0.341563, -0.341563, -0.875576, -0.341563, -0.341563, -0.875576, -0.341563, 0.341563, 0.341563, 0.341563, -0.875576, 0.341563, -0.341563, -0.875576, -0.341563, 0.341563, -0.875576, -0.341563, -0.341563, -0.875576, 0, 0, 1, -1, 0, 0, 0, 0, -1, 1, 0, 0], "vertices": [1, 0.2, -0.95, 0.95, 0.2, -1, 0.95, 0.25, -0.95, 0.95, -0.25, -0.95, 0.95, -0.2, -1, 1, -0.2, -0.95, 0.95, 0.2, 1, 1, 0.2, 0.95, 0.95, 0.25, 0.95, 1, -0.2, 0.95, 0.95, -0.2, 1, 0.95, -0.25, 0.95, 0.55, 0.25, -0.95, 0.55, 0.2, -1, 0.5, 0.2, -0.95, 0.55, -0.25, -0.95, 0.5, -0.2, -0.95, 0.55, -0.2, -1, 0.55, 0.25, 0.95, 0.5, 0.2, 0.95, 0.55, 0.2, 1, 0.55, -0.2, 1, 0.5, -0.2, 0.95, 0.55, -0.25, 0.95, 0.75, -1, 0.641421, 0.75, -0.25, 0.641421, 0.608579, -1, 0.5, 0.608579, -0.25, 0.5, 0.891421, -1, 0.5, 0.891421, -0.25, 0.5, 0.75, -1, 0.358579, 0.75, -0.25, 0.358579, 0.75, -1, -0.358579, 0.75, -0.25, -0.358579, 0.608579, -1, -0.5, 0.608579, -0.25, -0.5, 0.891421, -1, -0.5, 0.891421, -0.25, -0.5, 0.75, -1, -0.641421, 0.75, -0.25, -0.641421], "name": "Cube.012Geometry", "faces": [35, 23, 15, 3, 11, 0, 0, 1, 2, 3, 35, 6, 20, 21, 10, 0, 4, 5, 6, 7, 35, 0, 7, 9, 5, 0, 8, 9, 10, 11, 35, 8, 2, 12, 18, 0, 12, 13, 14, 15, 35, 19, 14, 16, 22, 0, 16, 17, 18, 19, 34, 0, 1, 2, 0, 8, 20, 13, 34, 3, 4, 5, 0, 2, 21, 11, 34, 6, 7, 8, 0, 4, 9, 12, 34, 9, 10, 11, 0, 10, 7, 3, 34, 12, 13, 14, 0, 14, 22, 17, 34, 15, 16, 17, 0, 1, 18, 23, 34, 18, 19, 20, 0, 15, 16, 5, 34, 21, 22, 23, 0, 6, 19, 0, 35, 13, 17, 16, 14, 0, 22, 23, 18, 17, 35, 21, 20, 19, 22, 0, 6, 5, 16, 19, 35, 0, 5, 4, 1, 0, 8, 11, 21, 20, 35, 23, 11, 10, 21, 0, 0, 3, 7, 6, 35, 7, 0, 2, 8, 0, 9, 8, 13, 12, 35, 8, 18, 20, 6, 0, 12, 15, 5, 4, 35, 11, 3, 5, 9, 0, 3, 2, 11, 10, 35, 6, 10, 9, 7, 0, 4, 7, 10, 9, 35, 18, 12, 14, 19, 0, 15, 14, 17, 16, 35, 12, 2, 1, 13, 0, 14, 13, 20, 22, 35, 3, 15, 17, 4, 0, 2, 1, 23, 21, 35, 15, 23, 22, 16, 0, 1, 0, 19, 18, 35, 13, 1, 4, 17, 0, 22, 20, 21, 23, 35, 25, 27, 26, 24, 0, 24, 25, 25, 24, 35, 27, 31, 30, 26, 0, 25, 26, 26, 25, 35, 31, 29, 28, 30, 0, 26, 27, 27, 26, 35, 29, 25, 24, 28, 0, 27, 24, 24, 27, 35, 33, 35, 34, 32, 0, 24, 25, 25, 24, 35, 35, 39, 38, 34, 0, 25, 26, 26, 25, 35, 39, 37, 36, 38, 0, 26, 27, 27, 26, 35, 37, 33, 32, 36, 0, 27, 24, 24, 27]}