{"materials": [{"wireframe": false, "blending": "NormalBlending", "depthTest": true, "transparent": false, "opacity": 1, "shading": "lambert", "depthWrite": true, "visible": true, "DbgName": "Wall", "DbgIndex": 0, "DbgColor": 15658734, "colorDiffuse": [0.28, 0.24, 0.12], "colorEmissive": [0, 0, 0], "colorAmbient": [0.28, 0.24, 0.12]}], "metadata": {"materials": 1, "normals": 6, "version": 3, "vertices": 18, "type": "Geometry", "generator": "io_three", "faces": 6}, "normals": [0.707083, 0, -0.707083, 0.686087, 0.241829, -0.686117, 0.577319, 0.577319, -0.577349, 0.686117, -0.241829, -0.686117, 0.577349, -0.577349, -0.577319, 0.577319, 0.577349, -0.577349], "vertices": [1, 0.5, -0.9, 1, 1, -0.9, 1, 0.1, -0.999999, 1, -0, -0.899999, 1, 0.4, -1, 1, -0.5, -0.9, 1, -0.9, -0.999999, 1, -1, -0.899999, 1, -0.6, -1, 0.9, 1, -1, 1, 0.4, -0.999999, 0.9, 0.5, -0.999999, 1, 0.1, -1, 0.9, -0, -0.999999, 0.9, -1, -1, 1, -0.6, -0.999999, 0.9, -0.5, -0.999999, 1, -0.9, -1], "name": "CubeGeometry.1", "faces": [35, 1, 0, 11, 9, 0, 0, 1, 1, 0, 34, 10, 11, 0, 0, 2, 1, 1, 35, 16, 13, 3, 5, 0, 1, 3, 3, 1, 34, 12, 3, 13, 0, 4, 3, 3, 34, 16, 5, 8, 0, 1, 1, 5, 34, 7, 14, 17, 0, 4, 4, 4]}