{"materials": [{"wireframe": false, "blending": "NormalBlending", "depthTest": true, "transparent": false, "opacity": 1, "shading": "lambert", "depthWrite": true, "visible": true, "DbgName": "Wall", "DbgIndex": 0, "DbgColor": 15658734, "colorDiffuse": [0.28, 0.24, 0.12], "colorEmissive": [0, 0, 0], "colorAmbient": [0.28, 0.24, 0.12]}], "metadata": {"materials": 1, "normals": 34, "version": 3, "vertices": 115, "type": "Geometry", "generator": "io_three", "faces": 94}, "normals": [0.905393, -0.30018, -0.30018, 0.905393, 0.30018, -0.30018, 0.905393, 0.30018, 0.30018, 0.905393, -0.30018, 0.30018, 0.341563, 0.341563, -0.875576, 0.705924, -0.057527, -0.705924, 0.875576, 0.341563, -0.341563, 0.875576, -0.341563, -0.341563, 0.460555, 0.758782, -0.460555, 0.894406, 0.447188, 0, 0.923856, 0.382672, 0, 0.923856, -0.382672, 0, 0.894406, -0.447188, 0, 0.341563, -0.341563, -0.875576, 0.707083, -0.707083, 0, -0.30018, -0.30018, -0.905393, -0.30018, 0.30018, -0.905393, -0.260842, 0.168035, -0.950621, -0.408246, 0.408246, -0.816492, 0.30018, 0.30018, -0.905393, 0.30018, -0.30018, -0.905393, 0, 0.447188, -0.894406, 0, -0.382672, -0.923856, 0, 0.382672, -0.923856, 0, -0.447188, -0.894406, 0.950621, 0.168035, 0.260842, 0.816492, 0.408246, 0.408246, 0.705924, 0.057527, -0.705924, 0.950621, -0.168035, 0.260842, 0.650685, -0.391339, -0.650685, 0.650685, 0.391339, -0.650685, 0.408246, -0.816492, -0.408246, -0.260842, -0.168035, -0.950621, 0, -0.707083, -0.707083], "vertices": [0.9, 0.5, 0, 0.999999, 0.9, 0.900001, 1, 0.9, 0.100001, 0.899999, 1, 1, 1, 0.6, 0.9, 1, 0.6, 0.1, 0.9, 0.5, -0.9, 0.999999, 0.9, -0.099999, 1, 0.9, -0.899999, 0.9, 1, -0.899999, 0.899999, 1, 1e-06, 1, 0.6, -0.1, 1, 0.6, -0.9, 0.9, 0, 0.5, 0.999999, 0.4, 1, 1, 0.4, 0.600001, 0.899999, 0.5, 1, 1, 0.1, 1, 1, 0.1, 0.6, 0.9, -0, -0.5, 0.999999, 0.4, 0.400001, 1, 0.4, -0.399999, 0.9, 0.5, -0.499999, 0.899999, 0.5, 0.500001, 1, 0.1, 0.4, 1, 0.1, -0.4, 0.999999, 0.1, -1, 1, 0.1, -0.6, 0.899999, -0, -0.9, 1, 0.4, -0.6, 0.9, -0.5, 0, 0.999999, -0.1, 0.900001, 1, -0.1, 0.100001, 0.899999, 0, 1, 1, -0.4, 0.9, 1, -0.4, 0.1, 0.9, -0.5, -0.9, 0.999999, -0.1, -0.099999, 1, -0.1, -0.899999, 0.899999, -0, 1e-06, 1, -0.4, -0.1, 1, -0.4, -0.9, 0.9, -1, 0.5, 0.9, -1, 1, 0.999999, -0.6, 1, 1, -0.6, 0.600001, 0.899999, -0.5, 1, 1, -0.9, 1, 1, -0.9, 0.6, 0.9, -1, -0.5, 0.999999, -0.6, 0.400001, 1, -0.6, -0.399999, 0.9, -0.5, -0.499999, 0.899999, -0.5, 0.500001, 1, -0.9, 0.4, 1, -0.9, -0.4, 0.999999, -0.9, -1, 1, -0.9, -0.6, 0.899999, -1, -0.9, 1, -0.6, -0.6, 0, 0.5, -0.9, 0.900001, 0.9, -0.999999, 0.100001, 0.9, -1, 0.9, 0.6, -1, 0.1, 0.6, -1, -1, 0.5, -0.9, -0.099999, 0.9, -0.999999, -0.899999, 0.9, -1, -0.999999, 1, -0.900001, 1e-06, 1, -0.899999, -0.1, 0.6, -1, -0.9, 0.6, -1, 1, 0.4, -0.999999, 0.600001, 0.4, -1, 0.6, 0.1, -1, -0.5, -0, -0.9, 0.5, -0, -0.9, 0.400001, 0.4, -0.999999, -0.399999, 0.4, -1, 0.500001, 0.5, -0.899999, 0.4, 0.1, -1, -0.4, 0.1, -1, -0.5, 0.5, -0.9, -1, 0.1, -0.999999, -0.6, 0.1, -1, -1, -0, -0.899999, -1, 0.4, -1, -0.6, 0.4, -1, 0.900001, -0.1, -0.999999, 0.100001, -0.1, -1, 0.9, -0.4, -1, 0.1, -0.4, -1, -1, -0.5, -0.9, 0, -0.5, -0.9, -0.099999, -0.1, -0.999999, -0.899999, -0.1, -1, 1e-06, -0, -0.899999, -0.1, -0.4, -1, -0.9, -0.4, -1, 1, -0.6, -0.999999, 0.600001, -0.6, -1, 0.6, -0.9, -1, -0.5, -1, -0.9, 0.5, -1, -0.9, 0.400001, -0.6, -0.999999, -0.399999, -0.6, -1, 0.500001, -0.5, -0.899999, 0.4, -0.9, -1, -0.4, -0.9, -1, -0.5, -0.5, -0.9, -1, -0.9, -0.999999, -0.6, -0.9, -1, -1, -1, -0.899999, -1, -0.6, -1, -0.6, -0.6, -1], "name": "Cube.002Geometry.1", "faces": [35, 5, 2, 1, 4, 0, 0, 1, 2, 3, 34, 88, 28, 38, 0, 4, 5, 6, 35, 12, 8, 7, 11, 0, 7, 6, 2, 3, 35, 9, 10, 7, 8, 0, 8, 9, 2, 6, 35, 18, 15, 14, 17, 0, 0, 1, 10, 11, 35, 19, 22, 21, 25, 0, 12, 9, 1, 0, 35, 25, 21, 20, 24, 0, 0, 1, 2, 3, 35, 22, 23, 20, 21, 0, 9, 9, 2, 1, 35, 35, 32, 31, 34, 0, 0, 1, 2, 3, 35, 8, 12, 63, 61, 0, 6, 7, 13, 4, 35, 41, 38, 37, 40, 0, 7, 6, 2, 3, 35, 90, 88, 38, 41, 0, 13, 4, 6, 7, 35, 48, 45, 44, 47, 0, 0, 1, 10, 11, 35, 43, 42, 48, 47, 0, 14, 12, 0, 11, 35, 49, 52, 51, 55, 0, 12, 9, 1, 0, 35, 55, 51, 50, 54, 0, 0, 1, 2, 3, 35, 52, 53, 50, 51, 0, 9, 9, 2, 1, 35, 64, 62, 61, 63, 0, 15, 16, 4, 13, 35, 0, 10, 2, 5, 0, 12, 9, 1, 0, 35, 65, 68, 67, 71, 0, 17, 18, 16, 15, 35, 71, 67, 66, 70, 0, 15, 16, 19, 20, 35, 68, 69, 66, 67, 0, 18, 21, 19, 16, 35, 87, 84, 83, 86, 0, 19, 20, 22, 23, 35, 81, 78, 77, 80, 0, 15, 16, 19, 20, 35, 76, 75, 81, 80, 0, 24, 24, 15, 20, 35, 79, 76, 80, 77, 0, 21, 24, 20, 19, 35, 91, 89, 88, 90, 0, 15, 16, 4, 13, 34, 9, 8, 61, 0, 8, 6, 4, 35, 98, 95, 94, 97, 0, 15, 16, 19, 20, 35, 93, 92, 98, 97, 0, 24, 17, 15, 20, 35, 96, 93, 97, 94, 0, 21, 24, 20, 19, 35, 114, 111, 110, 113, 0, 19, 20, 22, 23, 35, 108, 105, 104, 107, 0, 15, 16, 19, 20, 35, 103, 102, 108, 107, 0, 24, 24, 15, 20, 35, 106, 103, 107, 104, 0, 21, 24, 20, 19, 35, 16, 0, 5, 4, 0, 25, 12, 0, 3, 35, 3, 16, 4, 1, 0, 26, 25, 3, 2, 35, 10, 3, 1, 2, 0, 9, 26, 2, 1, 34, 36, 90, 41, 0, 27, 13, 7, 35, 0, 6, 12, 11, 0, 12, 27, 7, 3, 35, 10, 0, 11, 7, 0, 9, 12, 3, 2, 35, 13, 23, 15, 18, 0, 12, 9, 1, 0, 35, 22, 19, 27, 29, 0, 9, 12, 3, 2, 35, 33, 13, 18, 17, 0, 28, 12, 0, 11, 35, 29, 27, 26, 72, 0, 2, 3, 29, 30, 35, 23, 16, 14, 15, 0, 9, 25, 10, 1, 35, 13, 19, 25, 24, 0, 12, 12, 0, 3, 35, 23, 13, 24, 20, 0, 9, 12, 3, 2, 35, 6, 22, 29, 72, 0, 27, 9, 2, 30, 35, 19, 28, 26, 27, 0, 12, 5, 29, 3, 35, 30, 39, 32, 35, 0, 12, 9, 1, 0, 35, 46, 30, 35, 34, 0, 25, 12, 0, 3, 35, 33, 46, 34, 31, 0, 28, 25, 3, 2, 35, 39, 33, 31, 32, 0, 9, 28, 2, 1, 35, 30, 36, 41, 40, 0, 12, 27, 7, 3, 35, 39, 30, 40, 37, 0, 9, 12, 3, 2, 35, 28, 39, 37, 38, 0, 5, 9, 2, 6, 35, 42, 53, 45, 48, 0, 12, 9, 1, 0, 35, 52, 49, 57, 59, 0, 9, 12, 3, 2, 35, 59, 57, 56, 99, 0, 2, 3, 29, 30, 35, 53, 46, 44, 45, 0, 9, 25, 10, 1, 35, 42, 49, 55, 54, 0, 12, 12, 0, 3, 35, 53, 42, 54, 50, 0, 9, 12, 3, 2, 35, 36, 52, 59, 99, 0, 27, 9, 2, 30, 35, 49, 58, 56, 57, 0, 12, 31, 29, 3, 35, 60, 69, 62, 64, 0, 24, 21, 16, 15, 35, 6, 60, 64, 63, 0, 27, 24, 15, 13, 35, 69, 9, 61, 62, 0, 21, 8, 4, 16, 35, 60, 65, 71, 70, 0, 24, 17, 15, 20, 35, 69, 60, 70, 66, 0, 21, 24, 20, 19, 35, 76, 79, 73, 74, 0, 24, 21, 16, 15, 35, 74, 73, 72, 26, 0, 15, 16, 30, 29, 35, 82, 75, 84, 87, 0, 21, 24, 20, 19, 35, 28, 76, 74, 26, 0, 5, 24, 15, 29, 35, 79, 6, 72, 73, 0, 21, 27, 30, 16, 35, 75, 82, 78, 81, 0, 24, 21, 16, 15, 35, 82, 79, 77, 78, 0, 21, 21, 19, 16, 35, 65, 82, 87, 86, 0, 17, 21, 19, 23, 35, 75, 85, 83, 84, 0, 24, 32, 22, 20, 35, 93, 96, 89, 91, 0, 24, 21, 16, 15, 35, 36, 93, 91, 90, 0, 27, 24, 15, 13, 34, 63, 12, 6, 0, 13, 7, 27, 35, 96, 28, 88, 89, 0, 21, 5, 4, 16, 35, 92, 85, 95, 98, 0, 17, 32, 16, 15, 35, 85, 96, 94, 95, 0, 32, 21, 19, 16, 35, 103, 106, 100, 101, 0, 24, 21, 16, 15, 35, 101, 100, 99, 56, 0, 15, 16, 30, 29, 35, 109, 102, 111, 114, 0, 21, 24, 20, 19, 35, 58, 103, 101, 56, 0, 31, 24, 15, 29, 35, 106, 36, 99, 100, 0, 21, 27, 30, 16, 35, 102, 109, 105, 108, 0, 24, 21, 16, 15, 35, 109, 106, 104, 105, 0, 21, 21, 19, 16, 35, 92, 109, 114, 113, 0, 17, 21, 19, 23, 35, 102, 112, 110, 111, 0, 24, 33, 22, 20]}