{"materials": [{"wireframe": false, "blending": "NormalBlending", "depthTest": true, "transparent": false, "opacity": 1, "shading": "lambert", "depthWrite": true, "visible": true, "DbgName": "Wood", "DbgIndex": 0, "DbgColor": 15658734, "colorDiffuse": [0.28, 0.08, 0], "colorEmissive": [0, 0, 0], "colorAmbient": [0.28, 0.08, 0]}], "metadata": {"materials": 1, "normals": 36, "version": 3, "vertices": 88, "type": "Geometry", "generator": "io_three", "faces": 82}, "normals": [0.702292, -0.503372, 0.503372, 0.702292, -0.503372, -0.503372, 0.635609, 0.591327, -0.496261, 0.635609, 0.591327, 0.496261, 0.702292, 0.503372, -0.503372, 0.702292, 0.503372, 0.503372, 0.175451, 0.983673, 0.039399, 0.175451, 0.983673, -0.039399, 0.175451, -0.983673, -0.039399, 0.635609, -0.591327, 0.496261, 0.635609, -0.591327, -0.496261, 0.447188, 0, -0.894406, 0.447188, 0, 0.894406, 0.175451, -0.983673, 0.039399, 0.157628, 0.698264, -0.698264, 0.157628, -0.698264, -0.698264, 0.157628, 0.698264, 0.698264, 0.157628, -0.698264, 0.698264, -0.702292, -0.503372, -0.503372, -0.702292, -0.503372, 0.503372, -0.635609, 0.591327, 0.496261, -0.635609, 0.591327, -0.496261, -0.702292, 0.503372, 0.503372, -0.702292, 0.503372, -0.503372, -0.635609, -0.591327, -0.496261, -0.635609, -0.591327, 0.496261, -0.447188, 0, 0.894406, -0.447188, 0, -0.894406, -0.175451, 0.983673, -0.039399, -0.175451, -0.983673, 0.039399, -0.175451, -0.983673, -0.039399, -0.157628, -0.698264, 0.698264, -0.157628, 0.698264, -0.698264, -0.157628, -0.698264, -0.698264, -0.175451, 0.983673, 0.039399, -0.157628, 0.698264, 0.698264], "vertices": [1, 0.025, 0.375, 1, 1, 0.375, 1, 1, 0.175, 1, 0.025, 0.175, 0.9, -1, 0.4, 0.9, -1, 0.15, 0.9, 1, -0.15, 0.9, 1, 0.15, 1, 0.975, 0.125, 1, -0.975, 0.125, 1, -0.975, -0.125, 1, 0.975, -0.125, 0.9, 0, 0.15, 0.9, 0, 0.4, 1, -0.025, 0.375, 1, -1, 0.375, 1, -1, 0.175, 1, -0.025, 0.175, 1, 0.025, -0.175, 1, 1, -0.175, 1, 1, -0.375, 1, 0.025, -0.375, 0.9, -1, -0.15, 0.9, -1, -0.4, 0.9, -1, -0.7, 0.9, 1, -0.7, 0.9, 1, -0.4, 1, 0.975, -0.425, 1, -0.975, -0.425, 1, -0.975, -0.675, 1, 0.975, -0.675, 0.9, 0, -0.4, 0.9, 0, -0.15, 1, -0.025, -0.175, 1, -1, -0.175, 1, -1, -0.375, 1, -0.025, -0.375, 0.9, -1, 0.7, 0.9, 1, 0.4, 0.9, 1, 0.7, 1, 0.975, 0.675, 1, -0.975, 0.675, 1, -0.975, 0.425, 1, 0.975, 0.425, 0.5, 0.025, -0.375, 0.5, 1, -0.375, 0.5, 1, -0.175, 0.5, 0.025, -0.175, 0.6, -1, -0.4, 0.6, 1, -0.4, 0.6, -1, -0.15, 0.6, 1, 0.4, 0.5, 0.975, -0.125, 0.5, -0.975, -0.125, 0.5, -0.975, 0.125, 0.5, 0.975, 0.125, 0.6, 0, -0.15, 0.6, 0, -0.4, 0.5, -0.025, -0.375, 0.5, -1, -0.375, 0.5, -1, -0.175, 0.5, -0.025, -0.175, 0.5, 0.025, 0.175, 0.5, 1, 0.175, 0.5, 1, 0.375, 0.5, 0.025, 0.375, 0.6, -1, 0.15, 0.6, 1, 0.15, 0.6, -1, 0.4, 0.6, -1, 0.7, 0.5, 0.975, 0.425, 0.5, -0.975, 0.425, 0.5, -0.975, 0.675, 0.5, 0.975, 0.675, 0.6, 0, 0.4, 0.6, 0, 0.15, 0.5, -0.025, 0.175, 0.5, -1, 0.175, 0.5, -1, 0.375, 0.5, -0.025, 0.375, 0.6, -1, -0.7, 0.6, 1, -0.7, 0.5, 0.975, -0.675, 0.5, -0.975, -0.675, 0.5, -0.975, -0.425, 0.5, 0.975, -0.425, 0.6, 1, -0.15, 0.6, 1, 0.7], "name": "Cube.014Geometry", "faces": [35, 0, 3, 2, 1, 0, 0, 1, 2, 3, 35, 11, 8, 9, 10, 0, 4, 5, 0, 1, 35, 6, 7, 8, 11, 0, 6, 7, 5, 4, 35, 7, 5, 9, 8, 0, 7, 8, 0, 5, 35, 17, 14, 15, 16, 0, 4, 5, 9, 10, 35, 12, 13, 14, 17, 0, 11, 12, 5, 4, 35, 3, 0, 13, 12, 0, 1, 0, 12, 11, 35, 12, 7, 2, 3, 0, 11, 7, 2, 1, 35, 5, 12, 17, 16, 0, 8, 11, 4, 10, 35, 13, 4, 15, 14, 0, 12, 13, 9, 5, 35, 18, 21, 20, 19, 0, 0, 1, 2, 3, 35, 30, 27, 28, 29, 0, 4, 5, 0, 1, 35, 25, 26, 27, 30, 0, 14, 7, 5, 4, 35, 23, 24, 29, 28, 0, 8, 15, 1, 0, 35, 24, 25, 30, 29, 0, 15, 14, 4, 1, 35, 26, 23, 28, 27, 0, 7, 8, 0, 5, 35, 36, 33, 34, 35, 0, 4, 5, 9, 10, 35, 31, 32, 33, 36, 0, 11, 12, 5, 4, 35, 32, 31, 21, 18, 0, 12, 11, 1, 0, 35, 31, 26, 20, 21, 0, 11, 7, 2, 1, 35, 23, 31, 36, 35, 0, 8, 11, 4, 10, 35, 32, 22, 34, 33, 0, 12, 13, 9, 5, 35, 43, 40, 41, 42, 0, 4, 5, 0, 1, 35, 38, 39, 40, 43, 0, 6, 16, 5, 4, 35, 39, 37, 41, 40, 0, 16, 17, 0, 5, 35, 44, 47, 46, 45, 0, 18, 19, 20, 21, 35, 55, 52, 53, 54, 0, 22, 23, 18, 19, 35, 61, 58, 59, 60, 0, 22, 23, 24, 25, 35, 56, 57, 58, 61, 0, 26, 27, 23, 22, 35, 57, 56, 47, 44, 0, 27, 26, 19, 18, 35, 49, 57, 44, 45, 0, 28, 27, 18, 21, 35, 50, 56, 61, 60, 0, 29, 26, 22, 25, 35, 57, 48, 59, 58, 0, 27, 30, 24, 23, 35, 62, 65, 64, 63, 0, 18, 19, 20, 21, 35, 73, 70, 71, 72, 0, 22, 23, 18, 19, 35, 68, 69, 72, 71, 0, 29, 31, 19, 18, 35, 79, 76, 77, 78, 0, 22, 23, 24, 25, 35, 74, 75, 76, 79, 0, 26, 27, 23, 22, 35, 75, 74, 65, 62, 0, 27, 26, 19, 18, 35, 67, 75, 62, 63, 0, 28, 27, 18, 21, 35, 68, 74, 79, 78, 0, 29, 26, 22, 25, 35, 75, 66, 77, 76, 0, 27, 30, 24, 23, 35, 85, 82, 83, 84, 0, 22, 23, 18, 19, 35, 81, 80, 83, 82, 0, 32, 33, 18, 23, 35, 50, 66, 54, 53, 0, 29, 30, 19, 18, 35, 66, 67, 55, 54, 0, 30, 28, 22, 19, 35, 49, 81, 82, 85, 0, 28, 32, 23, 22, 35, 80, 48, 84, 83, 0, 33, 30, 19, 18, 35, 48, 49, 85, 84, 0, 30, 28, 22, 19, 35, 5, 22, 10, 9, 0, 8, 13, 1, 0, 35, 22, 6, 11, 10, 0, 13, 6, 4, 1, 35, 0, 1, 38, 13, 0, 0, 3, 6, 12, 35, 6, 32, 18, 19, 0, 6, 12, 0, 3, 35, 37, 4, 42, 41, 0, 17, 13, 1, 0, 35, 4, 38, 43, 42, 0, 13, 6, 4, 1, 35, 26, 25, 81, 49, 0, 7, 14, 32, 28, 35, 7, 6, 86, 67, 0, 7, 6, 34, 28, 35, 37, 39, 87, 69, 0, 17, 16, 35, 31, 35, 86, 50, 53, 52, 0, 34, 29, 18, 23, 35, 56, 86, 46, 47, 0, 26, 34, 20, 19, 35, 87, 51, 70, 73, 0, 35, 34, 23, 22, 35, 69, 87, 73, 72, 0, 31, 35, 22, 19, 35, 51, 68, 71, 70, 0, 34, 29, 18, 23, 35, 74, 51, 64, 65, 0, 26, 34, 20, 19, 35, 6, 19, 46, 86, 0, 6, 3, 20, 34, 35, 38, 1, 64, 51, 0, 6, 3, 20, 34, 35, 4, 37, 69, 68, 0, 13, 17, 31, 29, 35, 67, 86, 52, 55, 0, 28, 34, 23, 22, 35, 15, 4, 68, 78, 0, 9, 13, 29, 25, 35, 34, 22, 50, 60, 0, 9, 13, 29, 25, 35, 39, 38, 51, 87, 0, 16, 6, 34, 35, 35, 16, 15, 78, 77, 0, 10, 9, 25, 24, 35, 35, 34, 60, 59, 0, 10, 9, 25, 24, 35, 2, 7, 67, 63, 0, 2, 7, 28, 21, 35, 25, 24, 80, 81, 0, 14, 15, 33, 32, 35, 20, 26, 49, 45, 0, 2, 7, 28, 21, 35, 1, 2, 63, 64, 0, 3, 2, 21, 20, 35, 19, 20, 45, 46, 0, 3, 2, 21, 20, 35, 23, 35, 59, 48, 0, 8, 10, 24, 30, 35, 5, 16, 77, 66, 0, 8, 10, 24, 30, 35, 22, 5, 66, 50, 0, 13, 8, 30, 29, 35, 24, 23, 48, 80, 0, 15, 8, 30, 33]}