{"materials": [{"wireframe": false, "blending": "NormalBlending", "depthTest": true, "transparent": false, "opacity": 1, "shading": "lambert", "depthWrite": true, "visible": true, "DbgName": "Wall", "DbgIndex": 0, "DbgColor": 15658734, "colorDiffuse": [0.28, 0.24, 0.12], "colorEmissive": [0, 0, 0], "colorAmbient": [0.28, 0.24, 0.12]}, {"wireframe": false, "blending": "NormalBlending", "depthTest": true, "transparent": false, "opacity": 1, "shading": "lambert", "depthWrite": true, "visible": true, "DbgName": "Occlusion", "DbgIndex": 1, "DbgColor": 15597568, "colorDiffuse": [0, 0, 0], "colorEmissive": [0, 0, 0], "colorAmbient": [0, 0, 0]}], "metadata": {"materials": 2, "normals": 20, "version": 3, "vertices": 74, "type": "Geometry", "generator": "io_three", "faces": 48}, "normals": [0.905393, -0.30018, -0.30018, 0.905393, 0.30018, -0.30018, 0.905393, 0.30018, 0.30018, 0.905393, -0.30018, 0.30018, 0.950621, 0.168035, -0.260842, 0.816492, 0.408246, -0.408246, 0.499069, 0.249519, 0.829829, 0.923856, 0.382672, 0, 0.923856, -0.382672, 0, 0.707083, -0.707083, 0, 0.499069, -0.249519, -0.829829, 0.499069, 0.24955, -0.829829, 0.950621, 0.168035, 0.260842, 0.816492, 0.408246, 0.408246, 0.499069, -0.249519, 0.829829, 0.499069, -0.24955, 0.829829, 0.950621, -0.168035, 0.260842, 0.950621, -0.168035, -0.260842, 0.707083, 0, 0.707083, 0.707083, 0, -0.707083], "vertices": [0.9, 0.5, 0.7, 0.999999, 0.9, 0.900001, 1, 0.9, 0.8, 0.899999, 1, 1, 1, 0.6, 0.9, 1, 0.6, 0.8, 0.9, 0.5, -1, 0.999999, 0.9, -0.799999, 1, 0.9, -0.899999, 0.9, 1, -1, 0.899999, 1, -0.699999, 1, 0.6, -0.8, 1, 0.6, -0.9, 0.9, 0, 0.7, 0.999999, 0.4, 1, 1, 0.4, 0.800001, 0.899999, 0.5, 1, 1, 0.1, 1, 1, 0.1, 0.8, 0.9, -0, -0.7, 0.9, 0.5, -0.699999, 0.899999, 0.5, 0.700001, 0.899999, 1, 0.700001, 0.9, 0.5, -0.7, 0.999999, 0.1, -1, 1, 0.1, -0.8, 0.899999, -0, -1, 1, 0.4, -1, 1, 0.4, -0.8, 0.9, -0.5, 0.7, 0.999999, -0.1, 0.900001, 1, -0.1, 0.800001, 0.899999, 0, 1, 1, -0.4, 0.9, 1, -0.4, 0.8, 0.9, -0.5, -1, 0.999999, -0.1, -0.799999, 1, -0.1, -0.899999, 0.899999, -0, -0.699999, 1, -0.4, -0.8, 1, -0.4, -0.9, 0.9, -1, 0.7, 0.9, -1, 1, 0.999999, -0.6, 1, 1, -0.6, 0.800001, 0.899999, -0.5, 1, 1, -0.9, 1, 1, -0.9, 0.8, 0.9, -1, -0.7, 0.9, -0.5, -0.699999, 0.899999, -0.5, 0.700001, 0.899999, 0, 0.700001, 0.9, -0.5, -0.7, 0.999999, -0.9, -1, 1, -0.9, -0.8, 0.899999, -1, -1, 1, -0.6, -1, 1, -0.6, -0.8, -1, 0.5, 0.7, -1, 1, -0.699999, -1, 0, 0.7, -1, -0, -0.7, -1, 0.5, -0.699999, -1, 0.5, 0.700001, -1, 1, 0.700001, -1, 0.5, -0.7, -1, -0.5, 0.7, -1, -0, -0.699999, -1, -1, 0.7, -1, -1, -0.7, -1, -0.5, -0.699999, -1, -0.5, 0.700001, -1, 0, 0.700001, -1, -0.5, -0.7], "name": "Cube.004Geometry.5", "faces": [35, 5, 2, 1, 4, 0, 0, 1, 2, 3, 35, 6, 9, 8, 12, 0, 4, 5, 1, 0, 35, 12, 8, 7, 11, 0, 0, 1, 2, 3, 35, 9, 10, 7, 8, 0, 5, 6, 2, 1, 35, 18, 15, 14, 17, 0, 0, 1, 7, 8, 35, 28, 25, 24, 27, 0, 2, 3, 8, 7, 35, 34, 31, 30, 33, 0, 0, 1, 2, 3, 35, 40, 37, 36, 39, 0, 0, 1, 2, 3, 35, 47, 44, 43, 46, 0, 0, 1, 7, 8, 35, 42, 41, 47, 46, 0, 9, 10, 0, 8, 35, 57, 54, 53, 56, 0, 2, 3, 8, 7, 35, 0, 22, 2, 5, 0, 10, 11, 1, 0, 35, 16, 0, 5, 4, 0, 12, 10, 0, 3, 35, 3, 16, 4, 1, 0, 13, 12, 3, 2, 35, 22, 3, 1, 2, 0, 11, 13, 2, 1, 35, 23, 6, 12, 11, 0, 14, 4, 0, 3, 35, 10, 23, 11, 7, 0, 6, 14, 3, 2, 35, 13, 21, 15, 18, 0, 10, 11, 1, 0, 35, 20, 19, 25, 28, 0, 6, 15, 3, 2, 35, 32, 13, 18, 17, 0, 16, 10, 0, 8, 35, 21, 16, 14, 15, 0, 11, 12, 7, 1, 35, 6, 20, 28, 27, 0, 4, 6, 2, 7, 35, 19, 26, 24, 25, 0, 15, 17, 8, 3, 35, 29, 51, 31, 34, 0, 10, 11, 1, 0, 35, 45, 29, 34, 33, 0, 12, 10, 0, 3, 35, 32, 45, 33, 30, 0, 16, 12, 3, 2, 35, 51, 32, 30, 31, 0, 11, 16, 2, 1, 35, 35, 26, 37, 40, 0, 4, 17, 1, 0, 35, 52, 35, 40, 39, 0, 14, 4, 0, 3, 35, 38, 52, 39, 36, 0, 6, 14, 3, 2, 35, 26, 38, 36, 37, 0, 17, 6, 2, 1, 35, 41, 50, 44, 47, 0, 10, 11, 1, 0, 35, 49, 48, 54, 57, 0, 6, 15, 3, 2, 35, 50, 45, 43, 44, 0, 11, 12, 7, 1, 35, 35, 49, 57, 56, 0, 4, 6, 2, 7, 35, 48, 55, 53, 54, 0, 15, 9, 8, 3, 35, 52, 38, 67, 73, 0, 14, 6, 18, 18, 35, 50, 41, 68, 71, 0, 11, 10, 19, 19, 35, 51, 29, 66, 72, 0, 11, 10, 19, 19, 35, 23, 10, 59, 65, 0, 14, 6, 18, 18, 35, 21, 13, 60, 63, 0, 11, 10, 19, 19, 35, 22, 0, 58, 64, 0, 11, 10, 19, 19, 35, 48, 49, 70, 69, 0, 15, 6, 18, 18, 35, 19, 20, 62, 61, 0, 15, 6, 18, 18, 35, 70, 71, 68, 69, 1, 18, 19, 19, 18, 35, 72, 66, 73, 67, 1, 19, 19, 18, 18, 35, 62, 63, 60, 61, 1, 18, 19, 19, 18, 35, 64, 58, 65, 59, 1, 19, 19, 18, 18]}