{"materials": [{"wireframe": false, "blending": "NormalBlending", "depthTest": true, "transparent": false, "opacity": 1, "shading": "lambert", "depthWrite": true, "visible": true, "DbgName": "Wall", "DbgIndex": 0, "DbgColor": 15658734, "colorDiffuse": [0.28, 0.24, 0.12], "colorEmissive": [0, 0, 0], "colorAmbient": [0.28, 0.24, 0.12]}], "metadata": {"materials": 1, "normals": 50, "version": 3, "vertices": 168, "type": "Geometry", "generator": "io_three", "faces": 142}, "normals": [0.905393, -0.30018, -0.30018, 0.905393, 0.30018, -0.30018, 0.905393, 0.30018, 0.30018, 0.905393, -0.30018, 0.30018, 0.341563, 0.341563, -0.875576, 0.705924, -0.057527, -0.705924, 0.875576, 0.341563, -0.341563, 0.875576, -0.341563, -0.341563, 0.460555, 0.758782, -0.460555, 0.894406, 0.447188, 0, 0.923856, 0.382672, 0, 0.923856, -0.382672, 0, 0.894406, -0.447188, 0, 0.341563, -0.341563, -0.875576, 0.707083, -0.707083, 0, -0.30018, -0.30018, -0.905393, -0.30018, 0.30018, -0.905393, 0.30018, 0.30018, -0.905393, 0.30018, -0.30018, -0.905393, 0, -0.447188, -0.894406, 0, 0.447188, -0.894406, 0.950621, 0.168035, 0.260842, 0.816492, 0.408246, 0.408246, 0.705924, 0.057527, -0.705924, 0.950621, -0.168035, 0.260842, 0.650685, -0.391339, -0.650685, 0.650685, 0.391339, -0.650685, 0.408246, -0.816492, -0.408246, -0.875576, 0.341563, -0.341563, -0.705924, -0.057527, -0.705924, -0.341563, 0.341563, -0.875576, -0.650685, -0.391339, -0.650685, -0.650685, 0.391339, -0.650685, -0.341563, -0.341563, -0.875576, -0.875576, -0.341563, -0.341563, -0.460555, 0.758782, -0.460555, -0.905393, -0.30018, 0.30018, -0.905393, 0.30018, 0.30018, -0.408246, -0.816492, -0.408246, -0.950621, 0.168035, 0.260842, -0.816492, 0.408246, 0.408246, -0.905393, 0.30018, -0.30018, -0.905393, -0.30018, -0.30018, -0.894406, 0.447188, 0, -0.923856, -0.382672, 0, -0.923856, 0.382672, 0, -0.894406, -0.447188, 0, -0.705924, 0.057527, -0.705924, -0.950621, -0.168035, 0.260842, -0.707083, -0.707083, 0], "vertices": [0.9, 0.5, 0, 0.999999, 0.9, 0.900001, 1, 0.9, 0.100001, 0.899999, 1, 1, 1, 0.6, 0.9, 1, 0.6, 0.1, 0.9, 0.5, -0.9, 0.999999, 0.9, -0.099999, 1, 0.9, -0.899999, 0.9, 1, -0.899999, 0.899999, 1, 1e-06, 1, 0.6, -0.1, 1, 0.6, -0.9, 0.9, 0, 0.5, 0.999999, 0.4, 1, 1, 0.4, 0.600001, 0.899999, 0.5, 1, 1, 0.1, 1, 1, 0.1, 0.6, 0.9, -0, -0.5, 0.999999, 0.4, 0.400001, 1, 0.4, -0.399999, 0.9, 0.5, -0.499999, 0.899999, 0.5, 0.500001, 1, 0.1, 0.4, 1, 0.1, -0.4, 0.999999, 0.1, -1, 1, 0.1, -0.6, 0.899999, -0, -0.9, 1, 0.4, -0.6, 0.9, -0.5, 0, 0.999999, -0.1, 0.900001, 1, -0.1, 0.100001, 0.899999, 0, 1, 1, -0.4, 0.9, 1, -0.4, 0.1, 0.9, -0.5, -0.9, 0.999999, -0.1, -0.099999, 1, -0.1, -0.899999, 0.899999, -0, 1e-06, 1, -0.4, -0.1, 1, -0.4, -0.9, 0.9, -1, 0.5, 0.9, -1, 1, 0.999999, -0.6, 1, 1, -0.6, 0.600001, 0.899999, -0.5, 1, 1, -0.9, 1, 1, -0.9, 0.6, 0.9, -1, -0.5, 0.999999, -0.6, 0.400001, 1, -0.6, -0.399999, 0.9, -0.5, -0.499999, 0.899999, -0.5, 0.500001, 1, -0.9, 0.4, 1, -0.9, -0.4, 0.999999, -0.9, -1, 1, -0.9, -0.6, 0.899999, -1, -0.9, 1, -0.6, -0.6, 0, 0.5, -0.9, 0.900001, 0.9, -0.999999, 0.100001, 0.9, -1, 0.9, 0.6, -1, 0.1, 0.6, -1, -0.099999, 0.9, -0.999999, 1e-06, 1, -0.899999, -0.1, 0.6, -1, 1, 0.4, -0.999999, 0.600001, 0.4, -1, 0.6, 0.1, -1, -0.5, -0, -0.9, 0.5, -0, -0.9, 0.400001, 0.4, -0.999999, -0.399999, 0.4, -1, 0.500001, 0.5, -0.899999, 0.4, 0.1, -1, -0.4, 0.1, -1, -0.5, 0.5, -0.9, -0.6, 0.1, -1, -0.6, 0.4, -1, 0.900001, -0.1, -0.999999, 0.100001, -0.1, -1, 0.9, -0.4, -1, 0.1, -0.4, -1, 0, -0.5, -0.9, 1e-06, -0, -0.899999, -0.1, -0.4, -1, 1, -0.6, -0.999999, 0.600001, -0.6, -1, 0.6, -0.9, -1, -0.5, -1, -0.9, 0.5, -1, -0.9, 0.400001, -0.6, -0.999999, -0.399999, -0.6, -1, 0.500001, -0.5, -0.899999, 0.4, -0.9, -1, -0.4, -0.9, -1, -0.5, -0.5, -0.9, -0.6, -0.9, -1, -0.6, -0.6, -1, -0.9, 0.5, -0.9, -0.899999, 0.9, -1, -0.899999, 1, -0.900001, -0.9, 0.6, -1, -1, 0.1, -0.999999, -0.9, -0, -0.899999, -0.9, -0.5, -0.9, -0.099999, -0.1, -0.999999, -0.899999, -0.1, -1, -0.9, -0.4, -1, -1, -0.9, -0.999999, -0.9, -1, -0.899999, -0.9, 0.5, -0, -0.999999, 0.9, -0.900001, -1, 0.9, -0.100001, -1, 0.6, -0.9, -1, 0.6, -0.1, -0.9, 0.5, 1, -0.999999, 0.9, 0.099999, -1, 0.9, 0.899999, -0.900001, 1, 0.999999, -0.899999, 1, -1e-06, -1, 0.6, 0.1, -1, 0.6, 0.9, -0.999999, 0.4, -1, -1, 0.4, -0.600001, -1, 0.1, -0.6, -0.9, 0, 0.5, -0.9, -0, -0.5, -0.999999, 0.4, -0.400001, -1, 0.4, 0.399999, -0.899999, 0.5, -0.500001, -1, 0.1, -0.4, -1, 0.1, 0.4, -0.9, 0.5, 0.5, -1, 0.1, 1, -1, 0.1, 0.6, -0.899999, 0, 1, -1, 0.4, 1, -1, 0.4, 0.6, -0.999999, -0.1, -0.900001, -1, -0.1, -0.100001, -1, -0.4, -0.9, -1, -0.4, -0.1, -0.9, -0.5, 1, -0.9, -0.5, -0, -0.999999, -0.1, 0.099999, -1, -0.1, 0.899999, -0.899999, -0, -1e-06, -1, -0.4, 0.1, -1, -0.4, 0.9, -0.999999, -0.6, -1, -1, -0.6, -0.600001, -1, -0.9, -0.6, -0.9, -1, 0.5, -0.9, -1, -0.5, -0.999999, -0.6, -0.400001, -1, -0.6, 0.399999, -0.899999, -0.5, -0.500001, -1, -0.9, -0.4, -1, -0.9, 0.4, -0.9, -0.5, 0.5, -1, -0.9, 1, -1, -0.9, 0.6, -0.899999, -1, 1, -1, -0.6, 1, -1, -0.6, 0.6], "name": "Cube.003Geometry.1",