{"materials": [{"wireframe": false, "blending": "NormalBlending", "depthTest": true, "transparent": false, "opacity": 1, "shading": "lambert", "depthWrite": true, "visible": true, "DbgName": "Occlusion", "DbgIndex": 0, "DbgColor": 15658734, "colorDiffuse": [0, 0, 0], "colorEmissive": [0, 0, 0], "colorAmbient": [0, 0, 0]}], "metadata": {"materials": 1, "normals": 8, "version": 3, "vertices": 8, "type": "Geometry", "generator": "io_three", "faces": 5}, "normals": [-0.707083, 0, -0.707083, -0.707083, 0, 0.707083, -0.577349, 0.577349, 0.577349, -0.577349, 0.577349, -0.577349, 0.577349, 0.577349, -0.577349, 0.707083, 0, -0.707083, 0.577349, 0.577349, 0.577349, 0.707083, 0, 0.707083], "vertices": [-1, -1, 1, -1, 1, 1, -1, -1, -1, -1, 1, -1, 1, -1, 1, 1, 1, 1, 1, -1, -1, 1, 1, -1], "name": "Cube.008Geometry", "faces": [35, 2, 0, 1, 3, 0, 0, 1, 2, 3, 35, 3, 7, 6, 2, 0, 3, 4, 5, 0, 35, 7, 5, 4, 6, 0, 4, 6, 7, 5, 35, 0, 4, 5, 1, 0, 1, 7, 6, 2, 35, 5, 7, 3, 1, 0, 6, 4, 3, 2]}