{"materials": [{"wireframe": false, "blending": "NormalBlending", "depthTest": true, "transparent": false, "opacity": 1, "shading": "lambert", "depthWrite": true, "visible": true, "DbgName": "StoneFloor", "DbgIndex": 0, "DbgColor": 15658734, "colorDiffuse": [0.16, 0.16, 0.24], "colorEmissive": [0, 0, 0], "colorAmbient": [0.16, 0.16, 0.24]}, {"wireframe": false, "blending": "NormalBlending", "depthTest": true, "transparent": false, "opacity": 1, "shading": "lambert", "depthWrite": true, "visible": true, "DbgName": "StoneFloorCement", "DbgIndex": 1, "DbgColor": 15597568, "colorDiffuse": [0.2, 0.2, 0.2], "colorEmissive": [0, 0, 0], "colorAmbient": [0.2, 0.2, 0.2]}], "metadata": {"materials": 2, "normals": 18, "version": 3, "vertices": 47, "type": "Geometry", "generator": "io_three", "faces": 29}, "normals": [0.424787, 0.799432, -0.424787, 0, 0.850642, -0.525712, 0, 0.850642, 0.525712, 0.424787, 0.799432, 0.424787, -0.183569, 0.845027, -0.502152, 0, 0.447188, -0.894406, -0.424787, 0.799432, -0.424787, -0.525712, 0.850642, 0, 0.525712, 0.850642, 0, -0.424787, 0.799432, 0.424787, 0.707083, 0.707083, 0, -0.707083, 0.707083, 0, -0.577349, 0.577349, 0.577349, 0, 0.447188, 0.894406, 0, 1, 0, -0.577349, 0.577349, -0.577349, -0.183569, 0.845027, 0.502152, 0.894406, 0.447188, 0], "vertices": [-0.5, 0.9, -0, -1, 1, 0.95, -1, 1, 0.05, -1, 0.899999, 1, -0.55, 1, 0.95, -0.55, 1, 0.05, -0.5, 0.9, -1, -1, 0.999999, -0.05, -1, 1, -0.95, -1, 0.900001, -1, -1, 0.899999, 0, -0.55, 1, -0.05, -0.55, 1, -0.95, 0.5, 0.9, 0.5, -0.45, 0.999999, 1, -0.45, 1, 0.55, -0.5, 0.899999, 1, 0.45, 1, 1, 0.45, 1, 0.55, 0.5, 0.9, -0.5, -0.45, 0.999999, 0.45, -0.45, 1, -0.45, -0.5, 0.900001, -0.5, -0.5, 0.899999, 0.5, 0.45, 1, 0.45, 0.45, 1, -0.45, 0.45, 0.999999, -1, 0.45, 1, -0.55, 0.5, 0.899999, -1, -0.45, 1, -1, -0.45, 1, -0.55, 0.5, 0.899999, 1, 0.5, 0.899999, 1e-06, 1, 0.9, 1, 1, 1, -0.95, 1, 1, -0.05, 0.5, 0.899999, 0, 0.5, 0.900001, -1, 0.55, 1, -0.95, 0.55, 1, -0.05, 1, 0.9, -1, 1, 1, 0.05, 1, 1, 0.95, 0.5, 0.9, 1, 0.55, 1, 0.05, 0.55, 1, 0.95, 1, 0.9, -0], "name": "Cube.005Geometry.8", "faces": [35, 5, 2, 1, 4, 0, 0, 1, 2, 3, 35, 6, 9, 8, 12, 1, 4, 5, 1, 0, 35, 12, 8, 7, 11, 0, 0, 1, 2, 3, 35, 18, 15, 14, 17, 0, 0, 6, 7, 8, 35, 30, 27, 26, 29, 0, 9, 3, 8, 7, 35, 19, 22, 21, 25, 1, 10, 11, 6, 0, 35, 25, 21, 20, 24, 0, 0, 6, 9, 3, 35, 22, 23, 20, 21, 1, 11, 11, 9, 6, 35, 43, 33, 42, 45, 1, 12, 13, 2, 9, 35, 41, 44, 45, 42, 0, 1, 6, 9, 2, 35, 46, 36, 44, 41, 1, 14, 11, 6, 1, 35, 40, 37, 38, 34, 1, 5, 15, 6, 1, 35, 34, 38, 39, 35, 0, 1, 6, 9, 2, 35, 0, 10, 2, 5, 1, 10, 14, 1, 0, 35, 16, 0, 5, 4, 1, 16, 10, 0, 3, 35, 3, 16, 4, 1, 1, 13, 16, 3, 2, 35, 0, 6, 12, 11, 1, 10, 4, 0, 3, 35, 10, 0, 11, 7, 1, 14, 10, 3, 2, 35, 13, 23, 15, 18, 1, 10, 11, 6, 0, 35, 22, 19, 27, 30, 1, 11, 10, 3, 9, 35, 31, 13, 18, 17, 1, 17, 10, 0, 8, 35, 23, 16, 14, 15, 1, 11, 16, 7, 6, 35, 13, 19, 25, 24, 1, 10, 10, 0, 3, 35, 23, 13, 24, 20, 1, 11, 10, 3, 9, 35, 6, 22, 30, 29, 1, 4, 11, 9, 7, 35, 19, 28, 26, 27, 1, 10, 17, 8, 3, 35, 36, 43, 45, 44, 1, 11, 12, 9, 6, 35, 36, 46, 35, 39, 1, 11, 14, 2, 9, 35, 37, 36, 39, 38, 1, 15, 11, 9, 6]}