{"materials": [{"wireframe": false, "blending": "NormalBlending", "depthTest": true, "transparent": false, "opacity": 1, "shading": "lambert", "depthWrite": true, "visible": true, "DbgName": "Wall", "DbgIndex": 0, "DbgColor": 15658734, "colorDiffuse": [0.28, 0.24, 0.12], "colorEmissive": [0, 0, 0], "colorAmbient": [0.28, 0.24, 0.12]}], "metadata": {"materials": 1, "normals": 15, "version": 3, "vertices": 62, "type": "Geometry", "generator": "io_three", "faces": 46}, "normals": [0.905393, -0.30018, -0.30018, 0.905393, 0.30018, -0.30018, 0.905393, 0.30018, 0.30018, 0.905393, -0.30018, 0.30018, 0.950621, 0.168035, -0.260842, 0.816492, 0.408246, -0.408246, 0.894406, 0.447188, 0, 0.923856, 0.382672, 0, 0.923856, -0.382672, 0, 0.894406, -0.447188, 0, 0.707083, -0.707083, 0, 0.950621, 0.168035, 0.260842, 0.816492, 0.408246, 0.408246, 0.950621, -0.168035, 0.260842, 0.950621, -0.168035, -0.260842], "vertices": [0.9, 0.5, 0, 0.999999, 0.9, 0.900001, 1, 0.9, 0.100001, 0.899999, 1, 1, 1, 0.6, 0.9, 1, 0.6, 0.1, 0.9, 0.5, -1, 0.999999, 0.9, -0.099999, 1, 0.9, -0.899999, 0.9, 1, -1, 0.899999, 1, 1e-06, 1, 0.6, -0.1, 1, 0.6, -0.9, 0.9, 0, 0.5, 0.999999, 0.4, 1, 1, 0.4, 0.600001, 0.899999, 0.5, 1, 1, 0.1, 1, 1, 0.1, 0.6, 0.9, -0, -0.5, 0.999999, 0.4, 0.400001, 1, 0.4, -0.399999, 0.9, 0.5, -0.499999, 0.899999, 0.5, 0.500001, 1, 0.1, 0.4, 1, 0.1, -0.4, 0.999999, 0.1, -1, 1, 0.1, -0.6, 0.899999, -0, -1, 1, 0.4, -1, 1, 0.4, -0.6, 0.9, -0.5, 0, 0.999999, -0.1, 0.900001, 1, -0.1, 0.100001, 0.899999, 0, 1, 1, -0.4, 0.9, 1, -0.4, 0.1, 0.9, -0.5, -1, 0.999999, -0.1, -0.099999, 1, -0.1, -0.899999, 0.899999, -0, 1e-06, 1, -0.4, -0.1, 1, -0.4, -0.9, 0.9, -1, 0.5, 0.9, -1, 1, 0.999999, -0.6, 1, 1, -0.6, 0.600001, 0.899999, -0.5, 1, 1, -0.9, 1, 1, -0.9, 0.6, 0.9, -1, -0.5, 0.999999, -0.6, 0.400001, 1, -0.6, -0.399999, 0.9, -0.5, -0.499999, 0.899999, -0.5, 0.500001, 1, -0.9, 0.4, 1, -0.9, -0.4, 0.999999, -0.9, -1, 1, -0.9, -0.6, 0.899999, -1, -1, 1, -0.6, -1, 1, -0.6, -0.6], "name": "Cube.004Geometry.3", "faces": [35, 5, 2, 1, 4, 0, 0, 1, 2, 3, 35, 6, 9, 8, 12, 0, 4, 5, 1, 0, 35, 12, 8, 7, 11, 0, 0, 1, 2, 3, 35, 9, 10, 7, 8, 0, 5, 6, 2, 1, 35, 18, 15, 14, 17, 0, 0, 1, 7, 8, 35, 30, 27, 26, 29, 0, 2, 3, 8, 7, 35, 19, 22, 21, 25, 0, 9, 6, 1, 0, 35, 25, 21, 20, 24, 0, 0, 1, 2, 3, 35, 22, 23, 20, 21, 0, 6, 6, 2, 1, 35, 36, 33, 32, 35, 0, 0, 1, 2, 3, 35, 42, 39, 38, 41, 0, 0, 1, 2, 3, 35, 49, 46, 45, 48, 0, 0, 1, 7, 8, 35, 44, 43, 49, 48, 0, 10, 9, 0, 8, 35, 61, 58, 57, 60, 0, 2, 3, 8, 7, 35, 50, 53, 52, 56, 0, 9, 6, 1, 0, 35, 56, 52, 51, 55, 0, 0, 1, 2, 3, 35, 53, 54, 51, 52, 0, 6, 6, 2, 1, 35, 0, 10, 2, 5, 0, 9, 6, 1, 0, 35, 16, 0, 5, 4, 0, 11, 9, 0, 3, 35, 3, 16, 4, 1, 0, 12, 11, 3, 2, 35, 10, 3, 1, 2, 0, 6, 12, 2, 1, 35, 0, 6, 12, 11, 0, 9, 4, 0, 3, 35, 10, 0, 11, 7, 0, 6, 9, 3, 2, 35, 13, 23, 15, 18, 0, 9, 6, 1, 0, 35, 22, 19, 27, 30, 0, 6, 9, 3, 2, 35, 34, 13, 18, 17, 0, 13, 9, 0, 8, 35, 23, 16, 14, 15, 0, 6, 11, 7, 1, 35, 13, 19, 25, 24, 0, 9, 9, 0, 3, 35, 23, 13, 24, 20, 0, 6, 9, 3, 2, 35, 6, 22, 30, 29, 0, 4, 6, 2, 7, 35, 19, 28, 26, 27, 0, 9, 14, 8, 3, 35, 31, 40, 33, 36, 0, 9, 6, 1, 0, 35, 47, 31, 36, 35, 0, 11, 9, 0, 3, 35, 34, 47, 35, 32, 0, 13, 11, 3, 2, 35, 40, 34, 32, 33, 0, 6, 13, 2, 1, 35, 37, 28, 39, 42, 0, 4, 14, 1, 0, 35, 31, 37, 42, 41, 0, 9, 4, 0, 3, 35, 40, 31, 41, 38, 0, 6, 9, 3, 2, 35, 28, 40, 38, 39, 0, 14, 6, 2, 1, 35, 43, 54, 46, 49, 0, 9, 6, 1, 0, 35, 53, 50, 58, 61, 0, 6, 9, 3, 2, 35, 54, 47, 45, 46, 0, 6, 11, 7, 1, 35, 43, 50, 56, 55, 0, 9, 9, 0, 3, 35, 54, 43, 55, 51, 0, 6, 9, 3, 2, 35, 37, 53, 61, 60, 0, 4, 6, 2, 7, 35, 50, 59, 57, 58, 0, 9, 10, 8, 3]}