{"materials": [{"wireframe": false, "blending": "NormalBlending", "depthTest": true, "transparent": false, "opacity": 1, "shading": "lambert", "depthWrite": true, "visible": true, "DbgName": "Wall", "DbgIndex": 0, "DbgColor": 15658734, "colorDiffuse": [0.28, 0.24, 0.12], "colorEmissive": [0, 0, 0], "colorAmbient": [0.28, 0.24, 0.12]}, {"wireframe": false, "blending": "NormalBlending", "depthTest": true, "transparent": false, "opacity": 1, "shading": "lambert", "depthWrite": true, "visible": true, "DbgName": "Wood", "DbgIndex": 1, "DbgColor": 15597568, "colorDiffuse": [0.28, 0.08, 0], "colorEmissive": [0, 0, 0], "colorAmbient": [0.28, 0.08, 0]}], "metadata": {"materials": 2, "normals": 32, "version": 3, "vertices": 78, "type": "Geometry", "generator": "io_three", "faces": 60}, "normals": [0.891781, -0.261177, 0.369396, 0.905393, -0.30018, 0.30018, 0.905393, -0.30018, -0.30018, 0.891781, -0.261177, -0.369396, 0.950621, 0.168035, -0.260842, 0.369396, -0.261177, -0.891781, 0.905393, 0.30018, -0.30018, 0.923856, 0.382672, 0, 0.923856, -0.382672, 0, 0.905393, 0.30018, 0.30018, 0.707083, -0.707083, 0, 0.894406, -0.447188, 0, 0.894406, 0.447188, 0, 0.369396, -0.261177, 0.891781, 0.950621, 0.168035, 0.260842, 0.950621, -0.168035, -0.260842, 0.950621, -0.168035, 0.260842, 0.487716, -0.810938, 0.323191, 0.773431, -0.546892, 0.320353, 0.487716, -0.810938, -0.323191, 0.773431, -0.546892, -0.320353, 0.707083, 0.707083, 0, 0.577349, 0.577349, -0.577349, 0, 0.707083, -0.707083, 0, 1, 0, 0.577349, 0.577349, 0.577349, 0, 0.707083, 0.707083, 0.904508, -0.301492, -0.301492, 0.577319, -0.577349, -0.577349, 0.904508, -0.301492, 0.301492, 0.577349, -0.577349, 0.577319, 0.577349, -0.577349, 0.577349], "vertices": [0.999999, 0.75, 0.900001, 1, 0.75, 0.350001, 0.899999, 0.75, 1, 1, 0.6, 0.9, 1, 0.6, 0.35, 0.9, 0.5, -1, 0.999999, 0.75, -0.349999, 1, 0.75, -0.899999, 0.9, 0.75, -1, 0.899999, 0.75, -0.249999, 1, 0.6, -0.35, 1, 0.6, -0.9, 0.999999, 0.4, 1, 1, 0.4, 0.600001, 0.899999, 0.5, 1, 1, 0.1, 1, 1, 0.1, 0.6, 0.9, -0, -0.5, 0.899999, 0.5, 0.500001, 0.999999, 0.1, -1, 1, 0.1, -0.6, 0.899999, -0, -1, 1, 0.4, -1, 1, 0.4, -0.6, 0.9, -0.5, 0, 0.999999, -0.1, 0.900001, 1, -0.1, 0.100001, 0.899999, 0, 1, 1, -0.4, 0.9, 1, -0.4, 0.1, 0.9, -0.5, -1, 0.999999, -0.1, -0.099999, 1, -0.1, -0.899999, 0.899999, -0, 1e-06, 1, -0.4, -0.1, 1, -0.4, -0.9, 0.9, -1, 0.5, 0.9, -1, 1, 0.999999, -0.6, 1, 1, -0.6, 0.600001, 0.899999, -0.5, 1, 1, -0.9, 1, 1, -0.9, 0.6, 0.9, -1, -0.5, 0.999999, -0.6, 0.400001, 1, -0.6, -0.399999, 0.9, -0.5, -0.499999, 0.899999, -0.5, 0.500001, 1, -0.9, 0.4, 1, -0.9, -0.4, 0.999999, -0.9, -1, 1, -0.9, -0.6, 0.899999, -1, -1, 1, -0.6, -1, 1, -0.6, -0.6, 0.899999, 0.75, 0.250001, 0.899999, 0, 0.500001, 0.899999, 0.5, 0.250001, 0.899999, 0.5, -0.249999, 0.899999, 0.5, -0.499999, 1, 0.5, 0.25, 1, 0.75, 0.25, 1, 0.5, -0.25, 1, 0.75, -0.25, 1, 1, 0.25, 1, 1, -0.25, 1, 0.75, 1, 1, 1, 1, 1, 0.75, -1, 1, 1, -1, 0.9, 1, 0.25, 0.9, 1, -0.25, 0.9, 1, 1, 0.9, 1, -1, 0.999999, 0.4, 0.400001, 1, 0.4, -0.399999, 1, 0.1, 0.4, 1, 0.1, -0.4], "name": "Cube.009Geometry", "faces": [35, 0, 3, 4, 1, 0, 0, 1, 2, 3, 35, 5, 8, 7, 11, 0, 4, 5, 3, 2, 35, 11, 7, 6, 10, 0, 2, 3, 0, 1, 35, 16, 13, 12, 15, 0, 2, 6, 7, 8, 35, 23, 20, 19, 22, 0, 9, 1, 8, 7, 35, 29, 26, 25, 28, 0, 2, 6, 9, 1, 35, 35, 32, 31, 34, 0, 2, 6, 9, 1, 35, 42, 39, 38, 41, 0, 2, 6, 7, 8, 35, 37, 36, 42, 41, 0, 10, 11, 2, 8, 35, 54, 51, 50, 53, 0, 9, 1, 8, 7, 35, 43, 46, 45, 49, 0, 11, 12, 6, 2, 35, 49, 45, 44, 48, 0, 2, 6, 9, 1, 35, 46, 47, 44, 45, 0, 12, 12, 9, 6, 35, 3, 0, 2, 14, 0, 1, 0, 13, 14, 35, 17, 21, 19, 20, 0, 11, 15, 8, 1, 35, 24, 33, 26, 29, 0, 11, 12, 6, 2, 35, 40, 24, 29, 28, 0, 14, 11, 2, 1, 35, 27, 40, 28, 25, 0, 16, 14, 1, 9, 35, 33, 27, 25, 26, 0, 12, 16, 9, 6, 35, 30, 21, 32, 35, 0, 4, 15, 6, 2, 35, 24, 30, 35, 34, 0, 11, 4, 2, 1, 35, 33, 24, 34, 31, 0, 12, 11, 1, 9, 35, 21, 33, 31, 32, 0, 15, 12, 9, 6, 35, 36, 47, 39, 42, 0, 11, 12, 6, 2, 35, 46, 43, 51, 54, 0, 12, 11, 1, 9, 35, 47, 40, 38, 39, 0, 12, 14, 7, 6, 35, 36, 43, 49, 48, 0, 11, 11, 2, 1, 35, 47, 36, 48, 44, 0, 12, 11, 1, 9, 35, 30, 46, 54, 53, 0, 4, 12, 9, 7, 35, 43, 52, 50, 51, 0, 11, 10, 8, 1, 35, 57, 55, 1, 4, 0, 17, 18, 3, 2, 35, 14, 57, 4, 3, 0, 14, 17, 2, 1, 35, 58, 5, 11, 10, 0, 19, 4, 2, 1, 35, 9, 58, 10, 6, 0, 20, 19, 1, 0, 35, 56, 18, 13, 16, 0, 11, 12, 6, 2, 35, 59, 17, 20, 23, 0, 12, 11, 1, 9, 35, 27, 56, 16, 15, 0, 16, 11, 2, 8, 35, 18, 14, 12, 13, 0, 12, 14, 7, 6, 35, 5, 59, 23, 22, 0, 4, 12, 9, 7, 35, 65, 69, 73, 71, 1, 21, 22, 23, 24, 35, 67, 64, 70, 72, 1, 25, 21, 24, 26, 35, 64, 65, 71, 70, 1, 21, 21, 24, 24, 35, 77, 75, 74, 76, 0, 2, 6, 9, 1, 35, 9, 63, 62, 58, 1, 20, 27, 28, 19, 35, 61, 55, 57, 60, 1, 29, 18, 17, 30, 35, 57, 58, 62, 60, 1, 17, 19, 28, 30, 35, 66, 67, 72, 2, 1, 31, 25, 26, 13, 35, 69, 68, 8, 73, 1, 22, 28, 5, 23, 34, 0, 66, 2, 1, 0, 31, 13, 34, 61, 1, 55, 1, 29, 3, 18, 34, 6, 63, 9, 1, 0, 27, 20, 34, 8, 68, 7, 1, 5, 28, 3, 35, 17, 59, 75, 77, 0, 11, 12, 6, 2, 35, 59, 18, 74, 75, 0, 12, 12, 9, 6, 35, 56, 17, 77, 76, 0, 11, 11, 2, 1, 35, 18, 56, 76, 74, 0, 12, 11, 1, 9, 35, 67, 66, 61, 64, 0, 25, 31, 29, 21, 35, 64, 61, 63, 65, 0, 21, 29, 27, 21, 35, 69, 65, 63, 68, 0, 22, 21, 27, 28, 35, 62, 63, 61, 60, 0, 28, 27, 29, 30]}