{"materials": [{"wireframe": false, "blending": "NormalBlending", "depthTest": true, "transparent": false, "opacity": 1, "shading": "lambert", "depthWrite": true, "visible": true, "DbgName": "Wood", "DbgIndex": 0, "DbgColor": 15658734, "colorDiffuse": [0.28, 0.08, 0], "colorEmissive": [0, 0, 0], "colorAmbient": [0.28, 0.08, 0]}], "metadata": {"materials": 1, "normals": 35, "version": 3, "vertices": 138, "type": "Geometry", "generator": "io_three", "faces": 94}, "normals": [0.503372, 0.702292, 0.503372, 0.503372, 0.702292, -0.503372, 0, 0.788202, -0.615406, 0, 0.788202, 0.615406, 0, -0.707083, -0.707083, 0, -0.992492, -0.122166, -0.878353, -0.439161, 0.188635, 0, -0.707083, 0.707083, 0.878353, -0.439161, 0.188635, -0.503372, 0.702292, -0.503372, -0.503372, 0.702292, 0.503372, 0, 0.447188, -0.894406, 0, 0.447188, 0.894406, 0.775353, 0.616138, -0.138401, 0.775353, 0.616138, 0.138401, -0.775353, 0.616138, 0.138401, -0.775353, 0.616138, -0.138401, -0.666646, 0.333323, -0.666646, 0.666646, 0.333323, -0.666646, -0.666646, -0.333323, 0.666646, -0.775353, -0.616138, 0.138401, -0.503372, -0.702292, -0.503372, -0.503372, -0.702292, 0.503372, 0.503372, -0.702292, -0.503372, 0.503372, -0.702292, 0.503372, -0.775353, -0.616138, -0.138401, 0, -0.447188, -0.894406, 0, -0.788202, -0.615406, 0, -0.788202, 0.615406, 0, -0.447188, 0.894406, 0.666646, -0.333323, 0.666646, 0.775353, -0.616138, 0.138401, 0.775353, -0.616138, -0.138401, 0, 0.242531, 0.970122, 0, -0.242531, -0.970122], "vertices": [0.025, 0.75, 0.725, 1, 0.75, 0.725, 1, 0.75, 0.525, 0.025, 0.75, 0.525, 1, 0.5, 0.25, 1, 0.85, 0.25, 1, 0.5, -0.25, 1, 0.85, -0.25, -1, 0.5, 0.25, -1, 0.85, 0.25, -1, 0.5, -0.25, -1, 0.85, -0.25, 1, 0.85, 0.75, 1, 0.85, 0.5, -0.025, 1, -0.225, -1, 1, -0.225, -1, 1, -0.025, -0.025, 1, -0.025, 0.025, 1, -0.225, 1, 1, -0.225, 1, 1, -0.025, 0.025, 1, -0.025, 0, 0.9, -0, 0, 0.9, -0.25, 1, 0.9, -0.25, 1, 0.9, -0, 1, 0.9, 0.75, 1, 0.9, 0.5, -1, 0.9, 0.5, -1, 0.9, 0.75, -0.975, 1, 0.725, 0.975, 1, 0.725, 0.975, 1, 0.525, -0.975, 1, 0.525, 1, 0.9, 0.25, -1, 0.9, 0, -1, 0.9, 0.25, -0.975, 1, 0.225, 0.975, 1, 0.225, 0.975, 1, 0.025, -0.975, 1, 0.025, -0.025, 1, 0.475, -1, 1, 0.475, -1, 1, 0.275, -0.025, 1, 0.275, -0.025, 1, -0.525, -1, 1, -0.525, -1, 1, -0.725, -0.025, 1, -0.725, 1, 0.9, -0.5, -1, 0.9, -0.5, -1, 0.9, -0.25, -0.975, 1, -0.275, 0.975, 1, -0.275, 0.975, 1, -0.475, -0.975, 1, -0.475, 1, 0.9, -0.75, 1, 0.9, -1, -1, 0.9, -1, -1, 0.9, -0.75, -0.975, 1, -0.775, 0.975, 1, -0.775, 0.975, 1, -0.975, -0.975, 1, -0.975, -0.975, 0.75, 0.975, 0.975, 0.75, 0.975, 0.975, 0.75, 0.775, -0.975, 0.75, 0.775, -1, 0.85, 0.75, -1, 0.85, 1, 1, 0.85, 1, -0.975, 0.75, 0.475, 0.975, 0.75, 0.475, 0.975, 0.75, 0.275, -0.975, 0.75, 0.275, -1, 0.85, 0.5, 0, 0.85, 0.5, 0, 0.85, 0.75, -0.025, 0.75, 0.725, -1, 0.75, 0.725, -1, 0.75, 0.525, -0.025, 0.75, 0.525, 1, 0.45, -0.25, -1, 0.45, -0.25, -1, 0.85, -0.5, 0, 0.85, -0.5, 0, 0.85, -0.25, -0.025, 0.75, -0.275, -1, 0.75, -0.275, -1, 0.75, -0.475, -0.025, 0.75, -0.475, -0.975, 0.75, -0.525, 0.975, 0.75, -0.525, 0.975, 0.75, -0.725, -0.975, 0.75, -0.725, 1, 0.85, -0.5, 1, 0.85, -0.75, 0, 0.9, -0.75, 0, 0.9, -0.5, 0.025, 1, -0.525, 1, 1, -0.525, 1, 1, -0.725, 0.025, 1, -0.725, 0.025, 1, 0.275, 1, 1, 0.275, 1, 1, 0.475, 0.025, 1, 0.475, 0, 0.9, 0.5, 0, 0.9, 0.25, -0.025, 1, 0.975, -1, 1, 0.975, -1, 1, 0.775, -0.025, 1, 0.775, -1, 0.9, 1, 0.025, 1, 0.775, 1, 1, 0.775, 1, 1, 0.975, 0.025, 1, 0.975, 0, 0.9, 1, 0, 0.9, 0.75, 1, 0.9, 1, 0.025, 0.75, -0.275, 1, 0.75, -0.275, 1, 0.75, -0.475, 0.025, 0.75, -0.475, -0.025, 0.75, -0.975, -1, 0.75, -0.975, -1, 0.75, -0.775, -0.025, 0.75, -0.775, 0, 0.85, -0.75, 0, 0.85, -1, -1, 0.85, -1, -1, 0.85, -0.75, 0.025, 0.75, -0.775, 1, 0.75, -0.775, 1, 0.75, -0.975, 0.025, 0.75, -0.975, 1, 0.85, -1], "name": "Cube.010Geometry.1", "faces": [35, 17, 14, 15, 16, 0, 0, 1, 2, 3, 35, 10, 11, 7, 6, 0, 4, 5, 5, 4, 35, 9, 8, 4, 5, 0, 6, 7, 7, 8, 35, 8, 10, 6, 4, 0, 7, 4, 4, 7, 35, 18, 21, 20, 19, 0, 9, 10, 3, 2, 35, 23, 22, 21, 18, 0, 11, 12, 10, 9, 35, 24, 23, 18, 19, 0, 13, 11, 9, 2, 35, 41, 44, 43, 42, 0, 0, 1, 2, 3, 35, 22, 25, 20, 21, 0, 12, 14, 3, 10, 35, 33, 30, 31, 32, 0, 9, 10, 0, 1, 35, 28, 29, 30, 33, 0, 15, 16, 10, 9, 35, 26, 27, 32, 31, 0, 13, 14, 1, 0, 35, 27, 28, 33, 32, 0, 14, 15, 9, 1, 35, 29, 26, 31, 30, 0, 16, 13, 0, 10, 35, 40, 37, 38, 39, 0, 9, 10, 0, 1, 35, 35, 36, 37, 40, 0, 15, 16, 10, 9, 35, 36, 34, 38, 37, 0, 16, 13, 0, 10, 35, 108, 107, 106, 103, 0, 11, 12, 10, 9, 35, 103, 106, 105, 104, 0, 9, 10, 3, 2, 35, 45, 48, 47, 46, 0, 0, 1, 2, 3, 35, 55, 52, 53, 54, 0, 9, 10, 0, 1, 35, 50, 51, 52, 55, 0, 15, 16, 10, 9, 35, 49, 50, 55, 54, 0, 14, 15, 9, 1, 35, 63, 60, 61, 62, 0, 9, 10, 0, 1, 35, 58, 59, 60, 63, 0, 17, 16, 10, 9, 35, 56, 57, 62, 61, 0, 13, 18, 1, 0, 35, 57, 58, 63, 62, 0, 18, 17, 9, 1, 35, 59, 56, 61, 60, 0, 16, 13, 0, 10, 35, 69, 68, 67, 64, 0, 19, 20, 21, 22, 35, 64, 67, 66, 65, 0, 22, 21, 23, 24, 35, 75, 76, 81, 80, 0, 25, 26, 23, 27, 35, 71, 74, 73, 72, 0, 22, 21, 23, 24, 35, 121, 124, 123, 122, 0, 22, 21, 27, 28, 35, 76, 77, 78, 81, 0, 26, 29, 24, 23, 35, 81, 78, 79, 80, 0, 23, 24, 28, 27, 35, 70, 69, 64, 65, 0, 30, 19, 22, 24, 35, 0, 3, 2, 1, 0, 22, 21, 27, 28, 35, 125, 128, 127, 126, 0, 23, 24, 28, 27, 35, 84, 85, 90, 89, 0, 25, 26, 23, 27, 35, 90, 87, 88, 89, 0, 23, 24, 28, 27, 35, 85, 86, 87, 90, 0, 26, 29, 24, 23, 35, 91, 94, 93, 92, 0, 22, 21, 23, 24, 35, 96, 95, 92, 93, 0, 31, 32, 24, 23, 35, 102, 99, 100, 101, 0, 9, 10, 3, 2, 35, 97, 98, 99, 102, 0, 11, 12, 10, 9, 35, 109, 112, 111, 110, 0, 0, 1, 2, 3, 35, 119, 118, 117, 114, 0, 11, 12, 10, 9, 35, 114, 117, 116, 115, 0, 9, 10, 3, 2, 35, 118, 120, 116, 117, 0, 12, 33, 3, 10, 35, 130, 129, 128, 125, 0, 26, 29, 24, 23, 35, 131, 130, 125, 126, 0, 34, 26, 23, 27, 35, 129, 132, 127, 128, 0, 29, 20, 28, 24, 35, 133, 136, 135, 134, 0, 22, 21, 27, 28, 35, 22, 23, 14, 17, 0, 12, 11, 1, 0, 35, 3, 0, 77, 76, 0, 21, 22, 29, 26, 35, 68, 12, 66, 67, 0, 20, 31, 23, 21, 35, 35, 22, 17, 16, 0, 15, 12, 0, 3, 35, 23, 51, 15, 14, 0, 11, 16, 2, 1, 35, 107, 108, 44, 41, 0, 12, 11, 1, 0, 35, 34, 25, 39, 38, 0, 13, 14, 1, 0, 35, 25, 35, 40, 39, 0, 14, 15, 9, 1, 35, 28, 107, 41, 42, 0, 15, 12, 0, 3, 35, 108, 36, 43, 44, 0, 11, 16, 2, 1, 35, 34, 108, 103, 104, 0, 13, 11, 9, 2, 35, 98, 97, 48, 45, 0, 12, 11, 1, 0, 35, 97, 59, 47, 48, 0, 11, 16, 2, 1, 35, 50, 98, 45, 46, 0, 15, 12, 0, 3, 35, 107, 27, 105, 106, 0, 12, 14, 3, 10, 35, 24, 49, 54, 53, 0, 13, 14, 1, 0, 35, 51, 24, 53, 52, 0, 16, 13, 0, 10, 35, 13, 75, 71, 72, 0, 32, 25, 22, 24, 35, 9, 5, 73, 74, 0, 6, 8, 23, 21, 35, 12, 70, 65, 66, 0, 31, 30, 24, 23, 35, 85, 95, 123, 124, 0, 26, 32, 27, 21, 35, 75, 9, 74, 71, 0, 25, 6, 21, 22, 35, 5, 13, 72, 73, 0, 8, 32, 24, 23, 35, 7, 86, 121, 122, 0, 5, 29, 22, 28, 35, 77, 68, 79, 78, 0, 29, 20, 28, 24, 35, 95, 84, 91, 92, 0, 32, 25, 22, 24, 35, 132, 96, 93, 94, 0, 20, 31, 23, 21, 35, 86, 11, 88, 87, 0, 29, 5, 28, 24, 35, 86, 85, 124, 121, 0, 29, 26, 21, 22, 35, 84, 132, 94, 91, 0, 25, 20, 21, 22, 35, 56, 97, 102, 101, 0, 13, 11, 9, 2, 35, 98, 49, 100, 99, 0, 12, 14, 3, 10, 35, 118, 119, 112, 109, 0, 12, 11, 1, 0, 35, 113, 118, 109, 110, 0, 33, 12, 0, 3, 35, 119, 29, 111, 112, 0, 11, 16, 2, 1, 35, 26, 119, 114, 115, 0, 13, 11, 9, 2, 35, 0, 1, 12, 77, 0, 22, 28, 31, 29, 35, 76, 13, 2, 3, 0, 26, 32, 27, 21, 35, 129, 130, 136, 133, 0, 29, 26, 21, 22, 35, 96, 129, 133, 134, 0, 31, 29, 22, 28, 35, 130, 137, 135, 136, 0, 26, 34, 27, 21]}